<?xml version="1.0" encoding="utf-8" standalone="no" ?>
<modDesc descVersion="6">
    <author>GIANTS Software, leonill007</author>
    <version>1.0</version>
    <title>
        <de>Deutz Agrofarm 430</de>
		<en>Deutz Agrofarm 430</en>
    </title>
    <description>
        <de>Mit dem Agrofarm 430 bietet Ihnen Deutz einen Allrounder mit der Leistung und Wendigkeit, die Sie für Ihre Arbeiten brauchen.</de>
		<en>With the Agrofarm 430 Deutz offers you an allrounder with the power and manoeuvrability you need for your work.</en>
    </description>

    <iconFilename>store_deutzAgrofarm.dds</iconFilename>

    <multiplayer supported="true" />

    <storeItems>
    <storeItem>  
	<de>
        <name>Deutz Agrofarm 430</name>
        <description><![CDATA[Mit dem Agrofarm 430 bietet Ihnen Deutz einen Allrounder mit der Leistung und Wendigkeit, die Sie für Ihre Arbeiten brauchen.]]></description>
        <specs>Max. Leistung: 80 kW / 110 PS</specs>
	</de>
        <image active="store_deutzAgrofarm.png"/>
        <price>80000</price>
        <xmlFilename>deutzAgrofarm.xml</xmlFilename>
        <rotation>0</rotation>
	<en>
        <name>Deutz Agrofarm 430</name>
        <description><![CDATA[With the Agrofarm 430 Deutz offers you an allrounder with the power and manoeuvrability you need for your work.]]></description>
        <specs>Max. power: 80 kW / 110 hp</specs>
	</en>
    </storeItem>        
    </storeItems>
</modDesc>