<?xml version="1.0" encoding="utf-8" standalone="no" ?>
<modDesc descVersion="6">
    <author>GIANTS Software GmbH, leonill007</author>
    <version>1</version>
    <title>
        <en>Prerelease Map 1</en>
        <de>Prerelease Karte 1</de>
    </title>
    <description>
        <en>A completely new region awaits you.</en>
        <de>Ein komplett neues Gebiet wartet darauf, von Ihnen bewirtschaftet zu werden.</de>
    </description>
    <iconFilename>$data/maps/map01/map_preview.png</iconFilename>
    <multiplayer supported="true"/>
    <l10n>
        <text name="betaMapBriefingText1">
            <en>In the career mode you can freely decide what you want to do.

The harder you work, the sooner you get enough funds to afford larger vehicles and implements.</en>
            <de>In der Karriere steht Ihnen frei, was Sie tun wollen.

Je intensiver und effizienter Sie arbeiten, desto eher kommen Sie an genügend Kapital, um sich größere Maschinen leisten zu können.</de>
        </text>
        <text name="betaMapBriefingText2">
            <en>Tend to your fields, feed your cows and invest the earned money into new tools and more cattle.</en>
            <de>Pflegen Sie Ihre Felder, füttern Sie Ihre Kühe und investieren Sie das verdiente Geld in neue Gerätschaften und zusätzliches Vieh.</de>
        </text>
        <text name="betaMapBriefingText3">
            <en>If you are a new player, keep an eye out for 'i' symbols in the single player career. Touching them displays important information and hints about the game.</en>
            <de>In der Einspieler-Karriere geben die 'i' Symbole zu Beginn wichtige Hinweise und sollen Ihnen den Einstieg ins Spiel erleichtern.</de>
        </text>
    </l10n>

    <maps>
        <map id="betaMap" className="betaMap" filename="betaMap.lua" defaultVehiclesXMLFilename="defaultVehicles.xml">
    <title>
        <en>Map 1 (NEW)</en>
        <de>Karte 1 (NEU)</de>
    </title>
    <description>
        <en>A completely new region awaits you.</en>
        <de>Ein komplett neues Gebiet wartet darauf, von Ihnen bewirtschaftet zu werden.</de>
    </description>
            <briefingImagePrefix>betaMap</briefingImagePrefix>
            <briefingTextPrefix>betaMap</briefingTextPrefix>
            <iconFilename>$data/maps/map01/map_preview.png</iconFilename>
        </map>
    </maps>

</modDesc>
