﻿<?xml version="1.0" encoding="utf-8"?>

<CustomShader version="1.0" classRequirement="">
    <LodLevel startDistance="0">
        <Parameters>
        </Parameters>
        <CodeInjections>
			<CodeInjection position="POST_SET_TEXCOORDS_VS">
				<![CDATA[
				#if defined(ALBEDO_MAP) || defined(EMISSIVE_MAP)
					float2 uv = getTexCoords(In, ALBEDOMAP_TEXCOORD);
					uv.y -= In.time.y / 2;
					setTexCoords(Out.texCoords[ALBEDOMAP_TEXCOORD/2], ALBEDOMAP_TEXCOORD, uv);
				#endif
				]]>
        	</CodeInjection>
     	  </CodeInjections>
    </LodLevel>
</CustomShader>
