<?xml version="1.0" encoding="utf-8" standalone="no" ?>
<vehicle type="tractor">
	<annotation>Copyright (C) GIANTS Software GmbH, All Rights Reserved.</annotation>
    <name>
        <en>Compact Car</en>
        <de>Kleinwagen</de>
    </name>
    <description></description>
    <filename>farmerCar.i3d</filename>
    <wheels autoRotateBackSpeed="2.5">
        <wheel rotSpeed="0" driveMode="1" repr="0" radius="0.41" deltaY="0.1" suspTravel="0.2" spring="30" damper="0" mass="0.2" />
        <wheel rotSpeed="0" driveMode="1" repr="1" radius="0.41" deltaY="0.1" suspTravel="0.2" spring="30" damper="0" mass="0.2" />
        <wheel rotSpeed="70" rotMax="32" rotMin="-32" driveMode="2" repr="2" radius="0.41" deltaY="0.1" suspTravel="0.2" spring="30" damper="0" mass="0.2" />
        <wheel rotSpeed="70" rotMax="32" rotMin="-32" driveMode="2" repr="3" radius="0.41" deltaY="0.1" suspTravel="0.2" spring="30" damper="0" mass="0.2" />
    </wheels>
    <motor minRpm="300" maxRpm="800 2700 9500" brakeForce="10" forwardGearRatio="2.5" backwardGearRatio="2.1" differentialRatio="8" rpmFadeOutRange="20">
        <torque rpm="900" torque="1.5"/>
        <torque rpm="2700" torque="2.3"/>
        <torque rpm="6400" torque="5.6"/>
        <torque rpm="7400" torque="8.5"/>
        <torque rpm="9500" torque="7.5"/>
    </motor>

    <speedRotScale scale="100" offset="0.7" />

    <fuelCapacity>340</fuelCapacity>
    <fuelUsage>0.0034</fuelUsage>
    <downForce>5</downForce>

    <motorStartSound file="sounds/car_start.wav" pitchOffset="1" volume="1" />
    <motorSound file="sounds/car_idle.wav" pitchOffset="1" pitchScale="0.0027" pitchMax="1.65" volume="1" />
    <motorStopSound file="sounds/car_stop.wav" pitchOffset="1" />

	<lightCones>
		<lightCone index="9" />	
	</lightCones>
	
	<lightCoronas>
		<lightCorona index="17" />	
	</lightCoronas>

    <lights count="1">
        <light1 index="8" />
    </lights>

    <cameras count="2">
        <camera1 index="4|0" rotatable="true" rotateNode="4" limit="true" rotMinX="-1.4" rotMaxX="0" transMin="4" transMax="20" />
        <camera2 index="5" rotatable="true" limit="true" rotMinX="-1.1" rotMaxX="0.4" transMin="0" transMax="0" />
    </cameras>

    <steering index="7|0" rotationSpeed="6"/>
    <enterReferenceNode index="0>" />
    <exitPoint index="6" />
    <size width="3.5" length="5.5" lengthOffset="-0.4"/>
    <characterNode index="10" cameraMinDistance="1.5" />
    <components count="1">
        <component1 centerOfMass="0 0.01 -0.15" solverIterationCount="4" />
    </components>

</vehicle>
