<?xml version="1.0" encoding="utf-8" standalone="no" ?>
<modDesc descVersion="6">
    <author>GIANTS Software GmbH</author>
    <version>1</version>
	<title>
        <en>Mod Car</en>
        <de>Mod PKW</de>
    </title>
    <description>
        <en>this is the sample mod</en>
        <de>Dies ist der Muster mod.</de>
    </description>
    <iconFilename>store_farmerCar.png</iconFilename>
    <multiplayer supported="true"/>
	
    <storeItems>
        <storeItem>
            <en>
                <name>Mod Car</name>
                <description>
<![CDATA[this is the sample mod]]>
                </description>
            </en>
            <de>
                <name>Mod PKW</name>
                <description>
<![CDATA[Dies ist der Muster mod.]]>
                </description>
            </de>
            <rotation>0</rotation>
            <image active="store_farmerCar.png"/>
            <price>8000</price>
            <xmlFilename>farmerCar.xml</xmlFilename>
        </storeItem>
    </storeItems>
</modDesc>
