<?xml version="1.0" encoding="utf-8" standalone="no" ?>
<modDesc descVersion="6">
    <author>GIANTS Software GmbH, leonill007</author>
    <version>1.0</version>
    <title>
        <de>Radlader Paket</de>
        <en>Wheelloader package</en>
    </title>
    <description>
        <de>Die Radlader aus dem Demolition Company, Skiregion Simulator und dem Landwirtschafts-Simulator 2013</de>
        <de>The wheelloaders from Demolition Company, Ski Region Simulator and Farming Simulator 2013</de>
    </description>
    <iconFilename>icon_wheelLoaderPack.png</iconFilename>
    <multiplayer supported="true"/>
    <specializations>
		<specialization name="articulatedAxis" className="ArticulatedAxis" filename="lua/ArticulatedAxis.lua"/>
		<specialization name="bunkerSiloCompacter" className="BunkerSiloCompacter" filename="lua/BunkerSiloCompacter.lua"/>
		<specialization name="newShovel" className="Shovel" filename="lua/Shovel.lua"/>
		<specialization name="wheelLoader" className="WheelLoader" filename="lua/WheelLoader.lua"/>
    </specializations>
    <vehicleTypes>
		<type name="articulatedAxis" className="Vehicle" filename="$dataS/scripts/vehicles/Vehicle.lua">
			<specialization name="motorized" />
			<specialization name="steerable" />
			<specialization name="mouseControlsVehicle" />
			<specialization name="articulatedAxis" />
			<specialization name="cylindered" />
			<specialization name="fillable" />
			<specialization name="honk" />
            <specialization name="wheelLoader" />
			<specialization name="bunkerSiloCompacter" />
			<specialization name="newShovel" />
		</type>
    </vehicleTypes>
    <storeItems>
        <storeItem>
            <de>
                <name>Lizard Na-Cl Radlader</name>
                <description>
<![CDATA[Mit dem Radlader können Sie Silage oder Mist aufladen und in Kipper verfrachten. Das Fahrzeug kommt ebenfalls zum Einsatz, wenn Sie Silage in den Fahrsilos verdichten wollen.]]>
                </description>
				<specs>Leistung: 195 kW / 265 PS - Ladevolumen: 10000 l</specs>
            </de>
            <rotation>0</rotation>
            <image active="store_wheelLoaderSRS.dds"/>
            <price>124000</price>
            <xmlFilename>wheelLoaderSRS.xml</xmlFilename>
        </storeItem>
		
		
        <storeItem>
            <de>
                <name>Lizard G 920 Radlader</name>
                <description>
<![CDATA[Der Radlader mit der Knicklenkung ermöglicht es Ihnen, Silage aus einem Fahrsilo in eine BGA zu befördern. Außerdem können Sie auch Silage oder Mist auf einen Anhänger verladen.
Der schwere Radlader eignet sich auch ausgezeichnet um die Silage in den Fahrsilos zu verdichten.]]>
                </description>
				<specs>Max. Leistung: 190 kW / 259 PS - Ladevolumen: 10000 l</specs>
            </de>
            <rotation>0</rotation>
            <image active="store_wheelLoaderLS13.dds"/>
            <price>120000</price>
            <xmlFilename>wheelLoaderLS13.xml</xmlFilename>
        </storeItem>
		
		
		
        <storeItem>
            <de>
                <name>Worker C 330 Radlader</name>
                <description>
<![CDATA[Der Radlader mit der Knicklenkung ermöglicht es Ihnen, Silage aus einem Fahrsilo in eine BGA zu befördern. Außerdem können Sie auch Silage oder Mist auf einen Anhänger verladen.
Den Radlader können Sie auch benutzen, um die Silage in den Fahrsilos zu verdichten.]]>
                </description>
				<specs>Max. Leistung: 190 kW / 259 PS - Ladevolumen: 10000 l</specs>
            </de>
            <rotation>0</rotation>
            <image active="store_wheelLoaderDC.dds"/>
            <price>80000</price>
            <xmlFilename>wheelLoaderDC.xml</xmlFilename>
        </storeItem>
    </storeItems>
</modDesc>
