﻿<?xml version="1.0" encoding="utf-8" standalone="no" ?>
<vehicle type="articulatedAxis">
	<annotation>Copyright (C) GIANTS Software GmbH, All Rights Reserved.</annotation>
    <name>
        <en>Lizard G 920 wheel loader</en>
        <de>Lizard G 920 Radlader</de>
    </name>
    <description></description>
    <filename>wheelLoaderDC.i3d</filename>

    <wheels autoRotateBackSpeed="2.8">
        <wheel rotSpeed="0" driveMode="2" repr="0>0" radius="0.857" deltaY="0.06" suspTravel="0.17" spring="60" damper="20" mass="0.79" />
        <wheel rotSpeed="0" driveMode="2" repr="0>1" radius="0.857" deltaY="0.06" suspTravel="0.17" spring="60" damper="20" mass="0.79" />
        <wheel rotSpeed="0" driveMode="1" repr="1>0" radius="0.857" deltaY="0.06" suspTravel="0.17" spring="60" damper="20" mass="0.6" />
        <wheel rotSpeed="0" driveMode="1" repr="1>1" radius="0.857" deltaY="0.06" suspTravel="0.17" spring="60" damper="20" mass="0.6" />
    </wheels>

    <motor minRpm="100" maxRpm="840 1200 2200 550" maxTorques="2.0 2.5 -1 1.5" brakeForce="25" lowBrakeForceScale="0.5" lowBrakeForceSpeedLimit="1" accelerations="1 1 1 1" forwardGearRatio="18.5" backwardGearRatio="18.5" differentialRatio="1" rpmFadeOutRange="20">
		<torque rpm="2200" torque="4.8"/>
		<backwardTorque rpm="200" torque="8"/>
		<backwardTorque rpm="700" torque="1.25"/>
    </motor>
	<accelerationSpeed maxAcceleration="0.2" deceleration="0.25" backwardDeceleration="0.7" />
    <fuelCapacity>170</fuelCapacity>
    <fuelUsage>0.003</fuelUsage>
    <downForce>7</downForce>

    <motorStartSound file="sounds/wheelLoaderStart.wav" pitchOffset="1" volume="1" />
    <motorSound file="sounds/wheelLoaderIdle.wav" pitchOffset="1.0" pitchScale="0.02" pitchMax="1.65" volume="1" />
    <motorStopSound file="sounds/wheelLoaderStop.wav" pitchOffset="1" volume="1" />
    <cylinderedHydraulicSound file="$data/vehicles/steerable/deutz/hydraulicUp.wav" pitchOffset="0.8" volume="0.4" />
    <honkSound file="$dataS2/sounds/horn.wav" client="$dataS2/sounds/horn3D.wav" volume="1" radius="80" innerRadius="35" />
    <motorSound3D  file="sounds/wheelLoaderIdle3D.wav" pitchOffset="1" radius="50" innerRadius="20" volume="1.25" />


    <lights count="1">
        <light1 index="6" />
    </lights>

	<lightCoronas>
		<lightCorona index="12" />
	</lightCoronas>

	<lightCones>
		<lightCone index="13" />
	</lightCones>

    <cameras count="3">
        <camera1 index="2|0" rotatable="true" rotateNode="2" limit="true" rotMinX="-1.6" rotMaxX="0.05" transMin="5" transMax="20">
            <raycastNode index="0>10"/>
            <raycastNode index="0>11"/>
            <raycastNode index="1>5"/>
        </camera1>
        <camera2 index="3" rotatable="true" limit="false" rotMinX="0" rotMaxX="0" transMin="0" transMax="0" isInside="true" />
        <camera3 index="1>4|0" rotatable="true" rotateNode="1>4" limit="true" rotMinX="-1.4" rotMaxX="0.1" transMin="8.7" transMax="12">
            <raycastNode index="0>10"/>
            <raycastNode index="0>11"/>
            <raycastNode index="1>5"/>
        </camera3>
    </cameras>

    <exhaustParticleSystems count="1">
        <exhaustParticleSystem1 position="-0.33 2.841 -3.684" rotation="-70 0 0" file="$data/vehicles/particleSystems/exhaustParticleSystem.i3d" />
    </exhaustParticleSystems>

    <steering index="5|0" rotationSpeed="6"/>
    <enterReferenceNode index="0>" />
    <exitPoint  index="4" />
    <size width="4.3" length="9.5" lengthOffset="0.168"/>
    <characterNode index="8" cameraMinDistance="1.5" />

    <articulatedAxis componentJointIndex="0" anchorActor="0" rotSpeed="50" rotMax="33" rotMin="-33" />

    <bunkerSiloCompacter compactingScale="2"/>

    <shovel tipReferenceNode="1>2|2|0|5">
        <node index="2>" />
    </shovel>
    <fillPlanes>
        <fillPlane type="manure">
            <node index="1>2|2|0|3"/>
        </fillPlane>
        <fillPlane type="silage">
            <node index="1>2|2|0|4"/>
        </fillPlane>
    </fillPlanes>

    <fillTypes fruitTypes="manure silage"/>

    <massScale value="1" />
    <capacity>10000</capacity>
    
    
    <trailerAttacherJoints>
        <trailerAttacherJoint index="14" maxRotLimit="10 80 80" />
    </trailerAttacherJoints>

    <emptyParticleSystems>
        <emptyParticleSystem type="manure" node="1>2|2|0|5" position="0 0 0" rotation="0 0 0" file="$data/vehicles/particleSystems/shovelEmptyParticleSystem.i3d" />
        <emptyParticleSystem type="silage" node="1>2|2|0|5" position="0 0 0" rotation="0 0 0" file="$data/vehicles/particleSystems/shovelEmptyParticleSystem.i3d" />
    </emptyParticleSystems>

    <mouseControls>
        <mouseControl iconFilename="tool_wl_shovel.png" mouseButton="LEFT" mouseAxis="X" axis="AXIS_FRONTLOADER_TOOL" />
        <mouseControl iconFilename="tool_wl_arm1.png" mouseButton="LEFT" mouseAxis="Y" axis="AXIS_FRONTLOADER_ARM" />
    </mouseControls>

    <movingTools>
        <movingTool index="1>2|2|0" componentJointIndex="1" anchorActor="0" rotSpeed="25" speedFactor="0.3" rotAcceleration="400" rotMax="135" rotMin="-20" axis="AXIS_FRONTLOADER_TOOL" invertAxis="false" mouseAxis="AXIS_FRONTLOADER_TOOL">
            <dependentPart index="1>2|2|1" />
        </movingTool>

        <movingTool index="1>2|2" componentJointIndex="2" rotSpeed="17.5" speedFactor="0.3" rotAcceleration="200" rotMax="0" rotMin="-95" axis="AXIS_FRONTLOADER_ARM" invertAxis="true" mouseAxis="AXIS_FRONTLOADER_ARM" invertMouseAxis="true">
            <!-- shovel -->
            <dependentPart index="1>2|2|0" />
            <!-- hydraulic low -->
            <dependentPart index="1>2|0" />
        </movingTool>
    </movingTools>

    <movingParts>
        <!-- big hinge -->
        <movingPart index="1>2|2|1" referencePoint="1>2|2|0|0" localReferencePoint="1>2|2|1|0" referenceFrame="1>3">
            <dependentPart index="1>2|2|1|0" />
            <dependentPart index="1>2|1" />
        </movingPart>
        <movingPart index="1>2|2|1|0" referencePoint="1>2|2|0|0" referenceFrame="1>2|2">
        </movingPart>
        <!-- hydraulic high -->
        <movingPart index="1>2|1" referencePoint="1>2|2|1|1" referenceFrame="1>2|2">
            <translatingPart index="1>2|1|0" />
        </movingPart>
        <!-- hydraulic low -->
        <movingPart index="1>2|0" referencePoint="1>2|2|2" referenceFrame="1>2|2">
            <translatingPart index="1>2|0|0" />
        </movingPart>
    </movingParts>

    <components count="4">
        <component1 centerOfMass="0 0 -1.5" solverIterationCount="20" />
        <component2 solverIterationCount="20" />
        <component3 centerOfMass="0 -0.78 0" solverIterationCount="20" />
        <joint component1="0" component2="1" index="0>9" rotLimit="0 0 0" transLimit="0 0 0" breakable="false"/>
        <joint component1="1" component2="2" index="1>2|2|0|1" rotLimit="0 0 0" transLimit="0 0 0" breakable="false"/>
        <joint component1="1" component2="3" index="1>2|2|3" rotLimit="0 0 0" transLimit="0 0 0" breakable="false"/>
    </components>

</vehicle>
