<?xml version="1.0" encoding="utf-8" standalone="no" ?>
<modDesc descVersion="6">
    <author>GIANTS Software GmbH, leonill007</author>
    <version>1.0</version>
    <title>
        <de>Schlüter Super Trac 2500 VL</de>
    </title>
    <description>
        <de>1981 entsteht eine neue Schlepperserie unter dem Motto 'Energie sparen auf hohem Niveau'. Es handelt sich dabei um den sogenannten Super Trac mit 243,33 PS.</de>
    </description>
    <iconFilename>store_schlueter2500VL.png</iconFilename>
    <multiplayer supported="true"/>
	
	<specializations>
		<specialization name="animatedSteering" className="AnimatedSteering" filename="AnimatedSteering.lua"/>
		<specialization name="animatedHydraulic" className="AnimatedHydraulic" filename="AnimatedHydraulic.lua"/>
	</specializations>
	
    <vehicleTypes>
		<type name="tractor_cylindered" className="Vehicle" filename="$dataS/scripts/vehicles/Vehicle.lua">
			<specialization name="motorized" />
			<specialization name="steerable" />
			<specialization name="hirable" />
			<specialization name="aiTractor" />
			<specialization name="cylindered" />
			<specialization name="animatedSteering" />
			<specialization name="animatedHydraulic" />
			<specialization name="honk" />
		</type>
     </vehicleTypes>
	
    <storeItems>
    <storeItem>
        <name>Schlüter Super Trac 2500 VL</name>
        <description>1981 entsteht eine neue Schlepperserie unter dem Motto 'Energie sparen auf hohem Niveau'. Es handelt sich dabei um den sogenannten Super Trac mit 243,33 PS.</description>
        <specs>Max. Leistung: 178,97 kW / 243,33 PS</specs>
        <image active="store_schlueter2500VL.png" />
        <price>139000</price>
        <xmlFilename>schlueter2500VL.xml</xmlFilename>
        <rotation>0</rotation>
        <section>section_tractors</section>
    </storeItem>
    </storeItems>
	
</modDesc>
