﻿<?xml version="1.0" encoding="utf-8" standalone="no" ?>
<vehicle type="tractor_cylindered">
	<annotation>Copyright (C) GIANTS Software GmbH, All Rights Reserved.</annotation>
    <name>
        <en>Schlueter Super Trac 2500 VL</en>
        <de>Schlüter Super Trac 2500 VL</de>
    </name>
    <filename>schlueter2500VL.i3d</filename>

    <size width="3.5" length="7"/>

    <wheels autoRotateBackSpeed="2">
        <wheel rotSpeed="70" rotMax="25" rotMin="-25" driveMode="2" repr="0" driveNode="0|0" radius="0.88" deltaY="0.12" suspTravel="0.24" spring="85" damper="20" mass="0.464" lonitudalStiffness="5" lateralStiffness="25" />
        <wheel rotSpeed="70" rotMax="25" rotMin="-25" driveMode="2" repr="1" driveNode="1|0" radius="0.88" deltaY="0.12" suspTravel="0.24" spring="85" damper="20" mass="0.464" lonitudalStiffness="5" lateralStiffness="25" />
        <wheel rotSpeed="0" driveMode="1" repr="2" radius="0.88" deltaY="0.08" suspTravel="0.14" spring="85" damper="20" mass="0.6" lonitudalStiffness="5" lateralStiffness="25" />
        <wheel rotSpeed="0" driveMode="1" repr="3" radius="0.88" deltaY="0.08" suspTravel="0.14" spring="85" damper="20" mass="0.6" lonitudalStiffness="5" lateralStiffness="25" />
    </wheels>
    <motor minRpm="100" maxRpm="900 1350 2250 580" maxTorques="4.0 6.5 -1 3.5" brakeForce="20" lowBrakeForceScale="0.5" lowBrakeForceSpeedLimit="1" accelerations="0.4 1 1 1" forwardGearRatio="14.5" backwardGearRatio="9" differentialRatio="1" rpmFadeOutRange="20">
		<torque rpm="2250" torque="10"/>
		<backwardTorque rpm="580" torque="15"/>
		<backwardTorque rpm="650" torque="3.3"/>
    </motor>
	<accelerationSpeed maxAcceleration="0.12" deceleration="0.3" backwardDeceleration="0.7" />
    <fuelCapacity>560</fuelCapacity>
    <fuelUsage>0.0056</fuelUsage>
	<downForce>6</downForce>
	<bunkerSiloCompacter compactingScale="3"/>
    <components count="1">
        <component1 centerOfMass="0 0.01 0.7" solverIterationCount="10" />
    </components>

    <cameras count="2">
        <camera1 index="4|0" rotatable="true" rotateNode="4" limit="true" rotMinX="-1.4" rotMaxX="0" transMin="4" transMax="35" >
			<raycastNode index="0>6"/>
			<raycastNode index="0>7"/>
		</camera1>
        <camera2 index="5" rotatable="true" limit="true" rotMinX="-1.1" rotMaxX="0.4" transMin="0" transMax="0" />
    </cameras>
	
    <lights count="1">
        <light1 index="9" />
    </lights>
	
	<lightCones>
		<lightCone index="22" />	
	</lightCones>
	
	<lightCoronas>
		<lightCorona index="23" />	
	</lightCoronas>
	
	<beaconLights>
		<beaconLight index="24|0" speed="0.016" />
		<beaconLight index="24|1" speed="0.016" />
	</beaconLights>

    <steering index="18|0" rotationSpeed="6"/>
    <enterReferenceNode index="0>"/>
    <exitPoint index="8"/>

    <trailerAttacherJoints>
        <trailerAttacherJoint index="14" maxRotLimit="10 80 80" />
        <trailerAttacherJoint index="16" low="true" />
        <trailerAttacherJoint index="17" maxRotLimit="20 85 85" />   
	</trailerAttacherJoints>

    <attacherJoints>
        <attacherJoint index="10|0|0" rotationNode="10" maxRot="-18 0 0"  rotationNode2="10|0" maxRot2="10 0 0" maxTransLimit="0 0.5 0" maxRotLimit="0 0 20" moveTime="1.5" >
            <bottomArm rotationNode="11" translationNode="11|0" referenceNode="11|0|0" zScale="-1" />
            <topArm rotationNode="12" translationNode="12|0|0" referenceNode="12|0|0|0" zScale="-1" />
        </attacherJoint>
    </attacherJoints>

    <movingTools>
		<!-- attacher joint back bottom-->
        <movingTool index="11">
            <!-- cylinder 2 -->
            <dependentPart index="13" />
        </movingTool>
    </movingTools>

    <movingParts>
        <!-- attacher joint back bottom cylinder 2 -->
        <movingPart index="0>13" referencePoint="0>11|0|1" localReferencePoint="0>13|0" referenceFrame="0>" invertZ="true">
            <dependentPart index="0>13|0" />
        </movingPart>
        <!-- attacher joint back bottom cylinder 2b -->
        <movingPart index="0>13|0" referencePoint="0>11|0|1" referenceFrame="0>13|1" invertZ="true">
        </movingPart>

		<movingPart index="0>25|0" referencePoint="0>0|1" referenceFrame="0>" isActiveDirty="true" playSound="false" >
			<translatingPart index="0>25|0|0" />
        </movingPart>
		<movingPart index="0>25|1" referencePoint="0>1|1" referenceFrame="0>" isActiveDirty="true" playSound="false" >
			<translatingPart index="0>25|1|0" />
        </movingPart>
    </movingParts>

    <characterNode index="19" cameraMinDistance="1.5" />
    <aiTrafficCollisionTrigger index="20" />
	<exhaustParticleSystems count="1">
        <exhaustParticleSystem1 node="21" file="$data/vehicles/particleSystems/exhaustParticleSystem.i3d" />
    </exhaustParticleSystems>

    <motorStartDuration>2500</motorStartDuration>
    <attachSound file="$data/vehicles/steerable/deutz/attach.wav" pitchOffset="1" />
    <motorStartSound file="sounds/schlueter2500_start.wav" pitchOffset="1" volume="1" />
    <motorSound file="sounds/schlueter2500_idle.wav" pitchOffset="1" pitchScale="0.024" pitchMax="1.65" volume="1" radius="50" innerRadius="20" />
    <motorSoundRun file="sounds/schlueter2500_run.wav" pitchOffset="0.45" pitchScale="0.025" pitchMax="1.25" volume="1" />
    <motorStopSound file="sounds/schlueter2500_stop.wav" pitchOffset="1" volume="1" />
    <compressedAirSound file="sounds/brakeOld.wav" pitchOffset="1" volume="2"/>
    <compressionSound file="$data/vehicles/steerable/deutz/compressorWork.wav" pitchOffset="1" volume="1.5"/>
	<aiMotorSound file="sounds/schlueter2500_idleAI.wav" pitchOffset="0.95" radius="50" innerRadius="20" volume="0.85" />
	
    <honkSound file="$dataS2/sounds/horn.wav" client="$dataS2/sounds/horn3D.wav" volume="1" radius="80" innerRadius="35" />
	
	<animatedHydraulics>
		<hydraulic refJoint="10|0|0" node="0>13">
			<movingPart node="0>13|0" />
		</hydraulic>
	</animatedHydraulics>

</vehicle>
